{
  "ccRCC": {
    "precision": 0.7705263157894737,
    "recall": 0.15864759427828348,
    "f1-score": 0.2631200575125809,
    "support": 9228.0
  },
  "pRCC": {
    "precision": 0.30838341904702893,
    "recall": 0.9645348837209302,
    "f1-score": 0.4673458847833232,
    "support": 5160.0
  },
  "CHROMO": {
    "precision": 0.5193463561232157,
    "recall": 0.9926404595225273,
    "f1-score": 0.6819162710401381,
    "support": 5571.0
  },
  "ONCO": {
    "precision": 0.9633956386292835,
    "recall": 0.2220427212349668,
    "f1-score": 0.3609044493070751,
    "support": 5571.0
  },
  "NOT_TUMOR": {
    "precision": 0.778596355176425,
    "recall": 0.41837691426190227,
    "f1-score": 0.5442840685776241,
    "support": 9599.0
  },
  "accuracy": 0.4903071536337499,
  "macro avg": {
    "precision": 0.6680496169530854,
    "recall": 0.5512485146037219,
    "f1-score": 0.46351414624414833,
    "support": 35129.0
  },
  "weighted avg": {
    "precision": 0.6956012795836093,
    "recall": 0.4903071536337499,
    "f1-score": 0.4518692152790852,
    "support": 35129.0
  }
}