{
  "class_names": [
    "ccRCC",
    "pRCC",
    "CHROMO",
    "ONCO",
    "NOT_TUMOR"
  ],
  "method": "prob_sum",
  "exclude": "NOT_TUMOR (fixed)",
  "metrics": {
    "n_patients_total": 14,
    "n_patients_tumor_eval": 12,
    "n_patients_non_tumor_only_skipped": 2,
    "accuracy": 0.8333333333333334,
    "balanced_accuracy": 0.7142857142857143,
    "macro_f1": 0.6117216117216117,
    "_cm": [
      [
        6,
        1,
        0,
        0
      ],
      [
        0,
        3,
        0,
        0
      ],
      [
        0,
        0,
        1,
        0
      ],
      [
        0,
        0,
        1,
        0
      ]
    ],
    "_labels": [
      "ccRCC",
      "pRCC",
      "CHROMO",
      "ONCO"
    ],
    "_report": {
      "ccRCC": {
        "precision": 1.0,
        "recall": 0.8571428571428571,
        "f1-score": 0.9230769230769231,
        "support": 7.0
      },
      "pRCC": {
        "precision": 0.75,
        "recall": 1.0,
        "f1-score": 0.8571428571428571,
        "support": 3.0
      },
      "CHROMO": {
        "precision": 0.5,
        "recall": 1.0,
        "f1-score": 0.6666666666666666,
        "support": 1.0
      },
      "ONCO": {
        "precision": 0.0,
        "recall": 0.0,
        "f1-score": 0.0,
        "support": 1.0
      },
      "accuracy": 0.8333333333333334,
      "macro avg": {
        "precision": 0.5625,
        "recall": 0.7142857142857143,
        "f1-score": 0.6117216117216117,
        "support": 12.0
      },
      "weighted avg": {
        "precision": 0.8125,
        "recall": 0.8333333333333334,
        "f1-score": 0.8083028083028082,
        "support": 12.0
      }
    },
    "macro_auc_ovr": 0.9671957671957672,
    "macro_auprc": 0.9434523809523809,
    "top2_accuracy": 1.0
  }
}