{
  "ccRCC": {
    "precision": 0.8034134665417837,
    "recall": 0.8365843086259211,
    "f1-score": 0.8196634283590806,
    "support": 9228.0
  },
  "pRCC": {
    "precision": 0.597696421225833,
    "recall": 0.5631782945736434,
    "f1-score": 0.5799241668329674,
    "support": 5160.0
  },
  "CHROMO": {
    "precision": 0.7150354237732879,
    "recall": 0.978280380542093,
    "f1-score": 0.8261957098461306,
    "support": 5571.0
  },
  "ONCO": {
    "precision": 0.9487627365356623,
    "recall": 0.584993717465446,
    "f1-score": 0.7237397290695092,
    "support": 5571.0
  },
  "NOT_TUMOR": {
    "precision": 0.7294031871680033,
    "recall": 0.7295551619960412,
    "f1-score": 0.7294791666666667,
    "support": 9599.0
  },
  "accuracy": 0.7497509180449201,
  "macro avg": {
    "precision": 0.758862247048914,
    "recall": 0.7385183726406289,
    "f1-score": 0.7358004401548709,
    "support": 35129.0
  },
  "weighted avg": {
    "precision": 0.7620078495681547,
    "recall": 0.7497509180449201,
    "f1-score": 0.7456296412874853,
    "support": 35129.0
  }
}