{
  "class_names": [
    "ccRCC",
    "pRCC",
    "CHROMO",
    "ONCO",
    "NOT_TUMOR"
  ],
  "method": "prob_sum",
  "exclude": "NOT_TUMOR (fixed)",
  "metrics": {
    "n_patients_total": 14,
    "n_patients_tumor_eval": 12,
    "n_patients_non_tumor_only_skipped": 2,
    "accuracy": 0.4166666666666667,
    "balanced_accuracy": 0.5357142857142857,
    "macro_f1": 0.35416666666666663,
    "_cm": [
      [
        1,
        6,
        0,
        0
      ],
      [
        0,
        3,
        0,
        0
      ],
      [
        0,
        0,
        1,
        0
      ],
      [
        0,
        0,
        1,
        0
      ]
    ],
    "_labels": [
      "ccRCC",
      "pRCC",
      "CHROMO",
      "ONCO"
    ],
    "_report": {
      "ccRCC": {
        "precision": 1.0,
        "recall": 0.14285714285714285,
        "f1-score": 0.25,
        "support": 7.0
      },
      "pRCC": {
        "precision": 0.3333333333333333,
        "recall": 1.0,
        "f1-score": 0.5,
        "support": 3.0
      },
      "CHROMO": {
        "precision": 0.5,
        "recall": 1.0,
        "f1-score": 0.6666666666666666,
        "support": 1.0
      },
      "ONCO": {
        "precision": 0.0,
        "recall": 0.0,
        "f1-score": 0.0,
        "support": 1.0
      },
      "accuracy": 0.4166666666666667,
      "macro avg": {
        "precision": 0.4583333333333333,
        "recall": 0.5357142857142857,
        "f1-score": 0.35416666666666663,
        "support": 12.0
      },
      "weighted avg": {
        "precision": 0.7083333333333334,
        "recall": 0.4166666666666667,
        "f1-score": 0.3263888888888889,
        "support": 12.0
      }
    },
    "macro_auc_ovr": 0.8288359788359788,
    "macro_auprc": 0.7905985879200165,
    "top2_accuracy": 0.75
  }
}