{
  "ccRCC": {
    "precision": 0.6824334600760457,
    "recall": 0.4862375379280451,
    "f1-score": 0.5678668607226476,
    "support": 9228.0
  },
  "pRCC": {
    "precision": 0.36377108983128137,
    "recall": 0.6184108527131783,
    "f1-score": 0.4580821131208728,
    "support": 5160.0
  },
  "CHROMO": {
    "precision": 0.6706173482677781,
    "recall": 0.9242505833782085,
    "f1-score": 0.7772662087704733,
    "support": 5571.0
  },
  "ONCO": {
    "precision": 0.8130541871921182,
    "recall": 0.5925327589301741,
    "f1-score": 0.6854947565154189,
    "support": 5571.0
  },
  "NOT_TUMOR": {
    "precision": 0.644579811039284,
    "recall": 0.540160433378477,
    "f1-score": 0.5877685200929547,
    "support": 9599.0
  },
  "accuracy": 0.6067067095562071,
  "macro avg": {
    "precision": 0.6348911792813015,
    "recall": 0.6323184332656167,
    "f1-score": 0.6152956918444734,
    "support": 35129.0
  },
  "weighted avg": {
    "precision": 0.6441233887478816,
    "recall": 0.6067067095562071,
    "f1-score": 0.6090412609647947,
    "support": 35129.0
  }
}