{
  "ccRCC": {
    "precision": 0.7241525065516949,
    "recall": 0.9282618118768964,
    "f1-score": 0.8136011777556157,
    "support": 9228.0
  },
  "pRCC": {
    "precision": 0.4740103270223752,
    "recall": 0.5337209302325582,
    "f1-score": 0.5020966271649955,
    "support": 5160.0
  },
  "CHROMO": {
    "precision": 0.5125655896161282,
    "recall": 0.9994614970382337,
    "f1-score": 0.6776195691858342,
    "support": 5571.0
  },
  "ONCO": {
    "precision": 0.986784140969163,
    "recall": 0.0402082211452163,
    "f1-score": 0.07726802345636426,
    "support": 5571.0
  },
  "NOT_TUMOR": {
    "precision": 0.72078125,
    "recall": 0.48057089280133347,
    "f1-score": 0.5766610413150822,
    "support": 9599.0
  },
  "accuracy": 0.618434911326824,
  "macro avg": {
    "precision": 0.6836587628318723,
    "recall": 0.5964446706188476,
    "f1-score": 0.5294492877755783,
    "support": 35129.0
  },
  "weighted avg": {
    "precision": 0.6945836541243746,
    "recall": 0.618434911326824,
    "f1-score": 0.5647635394885525,
    "support": 35129.0
  }
}